City_ID,City,Lat,Lng,Max Temp,Humidity,Cloudiness,Wind Speed,Country,Date
0,aasiaat,68.7098,-52.8699,-7.85,85,93,12.03,GL,1708727807
1,yellowknife,62.456,-114.3525,12.42,96,100,18.41,CA,1708727565
2,ust'-ilimsk,58.0006,102.6619,-9.92,98,98,5.79,RU,1708727711
3,port lincoln,-34.7333,135.8667,64.69,60,44,15.41,AU,1708727808
4,mangrol,21.1167,70.1167,67.33,38,0,10.67,IN,1708727809
5,port-aux-francais,-49.35,70.2167,46.33,92,100,23.96,TF,1708727809
6,adamstown,-25.066,-130.1015,79.52,75,84,9.35,PN,1708727809
7,najran,17.4924,44.1277,66.85,35,6,2.62,SA,1708727810
8,west island,-12.1568,96.8225,82.38,78,100,10.36,CC,1708727810
9,avarua,-21.2078,-159.775,80.65,94,100,12.66,CK,1708727810
10,cestos city,5.46,-9.5828,81.37,88,66,7.94,LR,1708727811
11,baiquan,47.5833,126.0833,-1.35,92,100,5.39,CN,1708727811
12,brookings,44.3114,-96.7984,33.8,81,100,11.5,US,1708727811
13,olonkinbyen,70.9221,-8.7187,28.62,93,100,29.57,SJ,1708727812
14,howard springs,-12.497,131.047,84.87,90,92,8.97,AU,1708727812
15,champerico,14.3,-91.9167,88.34,57,2,12.08,GT,1708727812
16,puerto natales,-51.7236,-72.4875,55.85,47,75,14.97,CL,1708727812
17,mgandu,-5.95,34.1333,61.2,88,100,5.12,TZ,1708727813
18,lampang,18.3333,99.5,68.27,62,2,2.19,TH,1708727813
19,wailua homesteads,22.0669,-159.378,77.43,68,100,10.36,US,1708727813
20,broome,42.2506,-75.833,47.17,82,71,4.16,US,1708727813
21,college,64.8569,-147.8028,24.8,71,75,3.44,US,1708727814
22,vennesla,58.2694,7.9741,38.62,92,75,8.05,NO,1708727814
23,camacupa,-12.0167,17.4833,64.47,94,100,2.98,AO,1708727814
24,idri,27.5,13.2667,56.43,35,0,8.72,LY,1708727814
25,east ballina,-28.8667,153.5833,78.8,73,100,1.36,AU,1708727815
26,bolobo,-2.1667,16.2333,78.03,82,100,4.03,CD,1708727815
27,isafjordur,66.0755,-23.124,25.86,87,99,10.2,IS,1708727815
28,dudinka,69.4058,86.1778,-5.39,94,100,16.26,RU,1708727815
29,bilibino,68.0546,166.4372,-19.95,96,98,1.79,RU,1708727557
30,bredasdorp,-34.5322,20.0403,63.07,80,1,5.99,ZA,1708727816
31,bethel,41.3712,-73.414,44.47,77,100,1.01,US,1708727707
32,edinburgh of the seven seas,-37.0676,-12.3116,60.76,69,17,12.66,SH,1708727816
33,queenstown,-31.8976,26.8753,75.29,38,88,5.93,ZA,1708727784
34,wulingyuan,29.3494,110.5441,25.56,91,100,2.64,CN,1708727817
35,ceeldheer,3.8488,47.1806,79.48,64,96,18.48,SO,1708727817
36,pisco,-13.7,-76.2167,82.45,69,0,18.41,PE,1708727817
37,tralee,52.2704,-9.7026,42.84,82,97,19.04,IE,1708727818
38,kailua-kona,19.6406,-155.9956,78.76,70,100,10.36,US,1708727818
39,chonchi,-42.6128,-73.8092,58.12,66,100,2.1,CL,1708727818
40,constitucion,-35.3333,-72.4167,64.04,66,2,12.66,CL,1708727818
41,qaqortoq,60.7167,-46.0333,6.82,71,45,6.35,GL,1708727819
42,port alfred,-33.5906,26.891,74.17,93,88,1.01,ZA,1708727819
43,iqaluit,63.7506,-68.5145,-16.87,63,100,3.44,CA,1708727819
44,ribeira grande,38.5167,-28.7,57.78,79,100,5.99,PT,1708727819
45,happy valley-goose bay,53.3168,-60.3315,34.11,64,75,8.05,CA,1708727819
46,weligama,5.9667,80.4167,76.89,88,91,5.57,LK,1708727819
47,ambovombe,-25.1667,46.0833,72.97,90,33,10.89,MG,1708727820
48,dzilam gonzalez,21.2833,-88.9333,76.75,54,0,7.67,MX,1708727820
49,hawaiian paradise park,19.5933,-154.9731,78.31,77,40,11.5,US,1708727820
50,cambria,35.5641,-121.0808,69.42,62,100,3.47,US,1708727821
51,alice springs,-23.7,133.8833,84.22,28,0,9.22,AU,1708727821
52,saacow,1.6279,42.4407,80.6,71,97,17.56,SO,1708727821
53,grytviken,-54.2811,-36.5092,40.86,81,91,14.9,GS,1708727822
54,margaret river,-33.95,115.0667,66.38,84,96,19.89,AU,1708727705
55,kolonia,50.9333,6.95,43.97,79,75,11.5,DE,1708727823
56,san miguel,13.4833,-88.1833,87.46,45,0,9.22,SV,1708727745
57,opuwo,-18.0607,13.84,74.64,32,43,4.38,NA,1708727823
58,waitangi,-43.9535,-176.5597,66.81,91,99,8.01,NZ,1708727823
59,papatowai,-46.5619,169.4708,65.59,62,97,6.76,NZ,1708727824
60,tamanrasset,22.785,5.5228,55.31,16,0,4.61,DZ,1708727824
61,bulolo,-7.2,146.65,79.18,82,100,1.39,PG,1708727825
62,udachny,66.4167,112.4,-16.96,73,98,2.13,RU,1708727825
63,zouerate,22.7187,-12.4521,68.36,36,0,16.26,MR,1708727825
64,hrubieszow,50.805,23.8925,45.01,86,100,10.45,PL,1708727825
65,walvis bay,-22.9575,14.5053,63.55,82,4,7.0,NA,1708727826
66,laojunmiao,39.8333,97.7333,11.35,69,44,5.37,CN,1708727826
67,dhuusamarreeb,5.535,46.3861,73.54,69,65,16.4,SO,1708727826
68,bilopillya,51.1502,34.3129,34.97,87,98,16.02,UA,1708727827
69,arraial do cabo,-22.9661,-42.0278,80.56,78,75,12.66,BR,1708727827
70,tari,12.4086,4.4914,79.07,20,2,10.0,NG,1708727827
71,iskateley,67.6803,53.1512,30.02,94,100,17.0,RU,1708727828
72,aldama,22.9167,-98.0667,87.49,56,68,17.56,MX,1708727828
73,georgetown,5.4112,100.3354,80.53,83,20,4.61,MY,1708727676
74,dondo,-19.6094,34.7431,81.91,94,6,2.26,MZ,1708727829
75,puerto ayora,-0.7393,-90.3518,81.55,93,62,7.0,EC,1708727829
76,santa cruz,-17.8,-63.1667,81.86,78,20,14.97,BO,1708727829
77,conception bay south,47.4999,-52.9981,32.92,95,100,2.82,CA,1708727827
78,juigne,47.7188,-0.3941,37.58,87,0,4.61,FR,1708727830
79,laishevo,55.4046,49.5504,7.02,92,13,7.16,RU,1708727831
80,holualoa,19.6228,-155.9522,75.04,71,100,10.36,US,1708727831
81,camden,39.7835,-74.9663,47.3,81,100,4.45,US,1708727831
82,lompoc,34.6391,-120.4579,74.12,33,0,11.5,US,1708727672
83,remire-montjoly,4.9167,-52.2667,82.44,78,20,12.66,GF,1708727832
84,constantia,44.1833,28.65,45.28,92,49,12.35,RO,1708727702
85,thompson,55.7435,-97.8558,6.96,51,100,9.22,CA,1708727832
86,invercargill,-46.4,168.35,73.63,52,97,11.3,NZ,1708727833
87,gaffney,35.0718,-81.6498,62.6,59,30,8.5,US,1708727833
88,al jawf,29.5,38.75,63.43,48,100,5.28,SA,1708727833
89,pailon,-17.65,-62.75,83.3,77,99,5.37,BO,1708727834
90,behren-les-forbach,49.1664,6.9434,39.6,89,20,4.61,FR,1708727834
91,luau,-10.7073,22.2247,65.46,97,100,4.45,AO,1708727834
92,nangloi jat,28.6833,77.0667,53.71,76,10,0.0,IN,1708727834
93,lihue,21.9789,-159.3672,78.04,67,100,10.36,US,1708727629
94,longyearbyen,78.2186,15.6401,26.44,74,75,5.75,SJ,1708727747
95,hoima,1.4356,31.3436,71.08,61,66,2.93,UG,1708727835
96,qarqaraly,49.4058,75.4742,-2.94,99,99,4.43,KZ,1708727836
97,whitehorse,60.7161,-135.0538,29.17,58,75,16.11,CA,1708727836
98,khandyga,62.6667,135.6,-49.36,100,58,2.44,RU,1708727836
99,howrah,22.5892,88.3103,68.0,83,20,5.75,IN,1708727837
100,utrik,11.2278,169.8474,79.05,82,91,23.98,MH,1708727837
101,toropets,56.4978,31.6353,35.11,99,100,12.5,RU,1708727838
102,port mathurin,-19.6833,63.4167,80.67,84,89,13.71,MU,1708727838
103,kapuskasing,49.4169,-82.4331,5.09,51,20,10.36,CA,1708727838
104,bor,56.3567,44.0669,24.73,93,100,9.4,RU,1708727838
105,hayvoron,48.3396,29.8679,42.98,87,96,15.05,UA,1708727839
106,jabat,7.75,168.9751,81.82,81,53,17.74,MH,1708727839
107,albany,42.6001,-73.9662,43.81,82,100,1.01,US,1708727840
108,weno,7.4515,151.8468,78.75,89,100,8.05,FM,1708727840
109,kolpashevo,58.3131,82.9089,-4.9,96,100,5.01,RU,1708727840
110,mar del plata,-38.0023,-57.5575,69.82,83,75,31.0,AR,1708727642
111,san andres,12.5847,-81.7006,82.42,61,20,6.91,CO,1708727841
112,port moresby,-9.4431,147.1797,82.08,76,100,5.37,PG,1708727841
113,kem',64.9555,34.5793,34.02,95,100,15.59,RU,1708727842
114,sandy,40.572,-111.8606,51.03,45,75,6.91,US,1708727662
115,vila velha,-20.3297,-40.2925,80.55,94,40,11.5,BR,1708727842
116,kununurra,-15.7667,128.7333,82.38,94,44,0.0,AU,1708727843
117,kawambwa,-9.7915,29.0791,64.2,98,100,3.8,ZM,1708727843
118,san luis de la loma,17.2706,-100.8939,81.75,64,1,8.7,MX,1708727843
119,inari,68.906,27.0288,34.0,98,100,11.14,FI,1708727844
120,hasaki,35.7333,140.8333,39.29,57,54,21.41,JP,1708727844
121,carbonear,47.7332,-53.2148,33.62,91,96,3.62,CA,1708727844
122,karema,-6.8205,30.4389,73.18,86,100,4.72,TZ,1708727845
123,kodiak,57.79,-152.4072,33.31,75,100,3.44,US,1708727822
124,gueret,46.1667,1.8667,34.39,96,98,8.99,FR,1708727845
125,uturoa,-16.7333,-151.4333,83.28,72,60,4.7,PF,1708727845
126,phitsanulok,16.9167,100.5,75.31,53,2,4.41,TH,1708727846
127,petropavlovsk-kamchatsky,53.0452,158.6483,1.45,89,0,10.0,RU,1708727846
128,ghat,24.9647,10.1728,64.15,22,0,10.36,LY,1708727846
129,puerto el triunfo,13.2833,-88.55,88.72,57,0,10.0,SV,1708727847
130,hamilton,39.1834,-84.5333,53.42,52,20,19.57,US,1708727756
131,hohhot,40.8106,111.6522,14.29,85,100,2.24,CN,1708727847
132,rongelap,11.1635,166.8941,79.36,80,84,20.49,MH,1708727847
133,ust-nera,64.5667,143.2,-29.58,99,99,3.0,RU,1708727848
134,samana,19.2056,-69.3369,76.96,79,0,7.07,DO,1708727848
135,ola,59.5833,151.2833,-5.17,83,94,6.91,RU,1708727599
136,stanley,54.868,-1.6985,34.72,91,0,3.44,GB,1708727849
137,blackmans bay,-43.0167,147.3167,62.53,57,10,5.01,AU,1708727849
138,guigang,23.0964,109.6092,44.01,81,100,7.31,CN,1708727849
139,ushuaia,-54.8,-68.3,44.26,70,75,28.77,AR,1708727849
140,fale old settlement,-9.3852,-171.2468,84.24,71,25,9.64,TK,1708727850
141,kingston,17.997,-76.7936,81.55,56,20,9.22,JM,1708727596
142,susuman,62.7833,148.1667,-24.34,98,100,0.65,RU,1708727851
143,ebon,4.582,168.6964,82.67,80,70,15.75,MH,1708727852
144,inirida,3.8653,-67.9239,87.28,41,77,0.81,CO,1708727852
145,badger,64.8,-147.5333,24.71,81,75,3.44,US,1708727852
146,acapulco de juarez,16.8634,-99.8901,84.02,65,0,9.22,MX,1708727853
147,port elizabeth,-33.918,25.5701,73.31,88,0,5.99,ZA,1708727853
148,isabela,6.7085,121.9711,75.25,84,47,3.94,PH,1708727853
149,keflavik,64.0049,-22.5624,32.43,86,40,17.27,IS,1708727853
150,alofi,-19.0595,-169.9187,82.29,89,75,8.05,NU,1708727854
151,whangarei,-35.7317,174.3239,78.87,50,12,4.74,NZ,1708727854
152,huarmey,-10.0681,-78.1522,77.88,79,83,10.6,PE,1708727855
153,vorgashor,67.5833,63.95,19.27,95,100,13.35,RU,1708727857
154,cockburn town,21.4612,-71.1419,75.79,61,0,11.65,TC,1708727859
155,flin flon,54.7682,-101.865,15.64,67,100,10.36,CA,1708727866
156,kindia,10.0569,-12.8658,71.51,61,40,4.9,GN,1708727869
157,bubaque,11.2833,-15.8333,79.95,64,73,12.01,GW,1708727869
158,arak,34.0917,49.6892,42.17,54,54,2.04,IR,1708727869
159,gemena,3.25,19.7667,78.53,61,99,3.83,CD,1708727869
160,al 'aziziyah,32.9058,45.0616,62.6,44,98,7.58,IQ,1708727870
161,merizo village,13.2658,144.6691,80.98,93,81,17.78,GU,1708727870
162,harrismith,-28.2728,29.1295,61.93,65,71,4.29,ZA,1708727871
163,klyuchi,52.2667,79.1667,-1.5,89,96,7.87,RU,1708727881
164,port blair,11.6667,92.75,77.04,83,20,4.61,IN,1708727884
165,praia da vitoria,38.7333,-27.0667,58.75,88,20,4.45,PT,1708727885
166,labytnangi,66.6572,66.4183,7.52,95,95,4.85,RU,1708727885
167,barra de santo antonio,-9.4047,-35.5072,83.48,83,6,9.8,BR,1708727764
168,hanzhong,33.0728,107.0303,29.55,89,97,1.16,CN,1708727886
169,aral,40.5156,81.2636,28.11,39,84,4.34,CN,1708727887
170,katsuura,35.1333,140.3,43.12,65,88,18.45,JP,1708727887
171,luquillo,18.3725,-65.7166,80.51,59,0,8.05,PR,1708727887
172,la foa,-21.7108,165.8276,85.1,64,97,3.0,NC,1708727888
173,tiksi,71.6872,128.8694,-13.63,98,79,6.35,RU,1708727888
174,vuktyl,63.8567,57.3094,21.11,93,100,11.99,RU,1708727888
175,pontianak,-0.0333,109.3333,75.18,100,20,0.0,ID,1708727888
176,fada,9.5667,8.3,75.11,40,100,3.44,NG,1708727889
177,polyarnyy,69.1989,33.4478,34.38,86,100,21.7,RU,1708727889
178,nago,26.5881,127.9761,68.45,77,99,10.94,JP,1708727889
179,pontes e lacerda,-15.2261,-59.3353,74.82,87,87,2.08,BR,1708727890
180,ailuk,10.2197,169.9797,79.81,84,79,21.9,MH,1708727890
181,changling,44.2653,124.0005,8.37,86,98,5.77,CN,1708727890
182,callao,-12.0667,-77.15,82.69,65,0,16.11,PE,1708727890
183,quepos,9.4236,-84.1652,81.88,80,27,4.25,CR,1708727890
184,ilulissat,69.2167,-51.1,8.62,43,20,14.97,GL,1708727891
185,hami,42.8,93.45,21.61,59,34,4.59,CN,1708727891
186,boca do acre,-8.7522,-67.3978,75.15,98,98,5.21,BR,1708727891
187,xilin hot,43.9667,116.0333,-1.37,93,88,4.52,CN,1708727892
188,namibe,-15.1961,12.1522,75.9,81,88,2.89,AO,1708727892
189,punta arenas,-53.15,-70.9167,51.91,43,75,23.02,CL,1708727892
190,colonia,50.9333,6.95,43.97,79,75,11.5,DE,1708727737
191,mpika,-11.8343,31.4529,64.83,97,100,5.19,ZM,1708727813
192,karratha,-20.7377,116.8463,83.91,79,54,15.79,AU,1708727893
193,ponta delgada,37.7333,-25.6667,54.32,82,20,4.61,PT,1708727893
194,tacuarembo,-31.7333,-55.9833,84.13,40,81,13.33,UY,1708727893
195,ciutadella,40.0011,3.8414,54.41,60,1,14.29,ES,1708727894
196,rapla,59.0072,24.7928,37.11,95,100,5.44,EE,1708727894
197,el jadid,33.2549,-8.506,60.51,56,75,11.52,MA,1708727894
198,lorengau,-2.0226,147.2712,83.77,76,100,3.74,PG,1708727894
199,kindu,-2.95,25.95,71.71,98,100,1.9,CD,1708727895
200,iwaki,37.05,140.8833,34.77,64,82,8.95,JP,1708727895
201,saipan,15.1355,145.701,79.5,78,100,19.57,MP,1708727462
202,necochea,-38.5473,-58.7368,64.13,62,100,17.63,AR,1708727895
203,tarawa,1.419,172.984,87.89,74,20,8.05,KI,1708727896
204,antalaha,-14.9003,50.2788,76.14,90,23,4.79,MG,1708727896
205,kiruna,67.8557,20.2251,29.32,93,100,10.36,SE,1708727896
206,hotan,37.0997,79.9269,25.86,79,100,1.95,CN,1708727897
207,sirre,8.3167,39.4833,62.58,50,100,7.49,ET,1708727897
208,dongola,19.1667,30.4833,75.7,31,88,27.69,SD,1708727897
209,kenai,60.5544,-151.2583,35.69,80,100,3.44,US,1708727898
210,nantucket,41.2835,-70.0995,43.14,100,100,0.0,US,1708727620
211,talnakh,69.4865,88.3972,-5.8,97,100,8.03,RU,1708727898
212,kingscliff,-28.2667,153.5667,82.76,83,40,9.22,AU,1708727898
213,khatra,22.9833,86.85,69.35,36,26,6.08,IN,1708727899
214,kimbe,-5.5502,150.1429,79.61,89,100,1.57,PG,1708727899
215,vadso,70.0744,29.7487,35.76,75,75,11.5,NO,1708727899
216,daru,-9.0763,143.2092,81.18,85,100,9.15,PG,1708727899
217,hadibu,12.65,54.0333,74.98,71,100,9.95,YE,1708727900
218,puerto lempira,15.2667,-83.7667,79.68,55,0,12.93,HN,1708727900
219,wau,7.7029,27.9953,87.17,28,82,3.49,SS,1708727900
220,laguna,38.421,-121.4238,68.09,54,0,10.36,US,1708727901
221,prince george,53.9166,-122.753,38.25,77,100,25.32,CA,1708727901
222,hithadhoo,-0.6,73.0833,81.99,81,57,8.97,MV,1708727901
223,nar'yan-mar,67.6713,53.087,30.11,94,100,17.0,RU,1708727901
224,darab,28.7519,54.5444,53.78,29,0,1.03,IR,1708727901
225,al artawiyah,26.5053,45.3444,68.74,33,3,8.1,SA,1708727902
226,sunland park,31.7965,-106.58,70.25,18,0,4.61,US,1708727902
227,ciudad tula,23.0,-99.7167,73.53,37,65,13.22,MX,1708727902
228,tura,25.5198,90.2201,62.06,28,21,2.21,IN,1708727903
229,iyidere,41.0119,40.3619,44.56,67,73,3.74,TR,1708727903
230,hammerfest,70.6634,23.6821,36.05,69,82,20.71,NO,1708727903
231,miri,4.4148,114.0089,78.94,100,40,2.3,MY,1708727903
232,tippi,7.2,35.45,71.73,43,99,3.31,ET,1708727903
233,vallenar,-28.5708,-70.7581,71.58,45,0,7.49,CL,1708727904
234,kruisfontein,-34.0033,24.7314,66.25,88,60,8.93,ZA,1708727904
235,antonio enes,-16.2325,39.9086,78.67,93,100,5.68,MZ,1708727904
236,la ronge,55.1001,-105.2842,37.65,38,40,8.05,CA,1708727904
237,carnarvon,-24.8667,113.6333,79.74,77,99,9.75,AU,1708727905
238,tofol,5.3248,163.0078,83.98,79,100,4.61,FM,1708727905
239,afaahiti,-17.75,-149.2833,87.67,73,100,5.5,PF,1708727905
240,chongwe,-15.3292,28.682,66.2,53,29,3.18,ZM,1708727905
241,paita,-5.0892,-81.1144,80.26,75,92,13.06,PE,1708727906
242,porto novo,6.4965,2.6036,82.76,72,100,5.73,BJ,1708727906
243,fort bragg,35.139,-79.006,58.84,78,75,8.05,US,1708727900
244,xiaoweizhai,26.1903,107.5125,28.58,90,100,5.06,CN,1708727906
245,suva,-18.1416,178.4415,80.08,94,75,4.61,FJ,1708727906
246,awjilah,29.1081,21.2869,60.82,42,6,9.42,LY,1708727907
247,vilyuysk,63.7553,121.6247,-31.0,100,100,1.01,RU,1708727907
248,minas de marcona,-15.2119,-75.1103,70.65,70,59,16.82,PE,1708727907
249,fort st. john,56.2499,-120.8529,30.09,74,75,29.93,CA,1708727908
250,wakkanai,45.4094,141.6739,14.09,79,100,8.01,JP,1708727908
251,nuku'alofa,-21.1333,-175.2,80.94,94,75,10.36,TO,1708727909
252,sorong,-0.8833,131.25,81.84,75,69,12.1,ID,1708727909
253,dawson creek,55.7666,-120.2362,40.64,52,20,27.63,CA,1708727909
254,alaghsas,17.0187,8.0168,68.2,7,0,11.56,NE,1708727909
255,krasnyy chikoy,50.3643,108.7512,-15.39,100,60,0.47,RU,1708727910
256,lebu,-37.6167,-73.65,57.79,74,54,21.74,CL,1708727910
257,flekkefjord,58.2971,6.6607,40.95,95,99,5.66,NO,1708727910
258,las heras,-46.5419,-68.9359,63.7,19,99,2.19,AR,1708727910
259,nedroma,35.0136,-1.748,54.75,69,89,14.94,DZ,1708727911
260,kill devil hills,36.0307,-75.676,57.2,95,100,10.36,US,1708727911
261,victoria falls,-17.9235,25.843,69.15,43,5,1.92,ZW,1708727911
262,antsiranana,-12.2787,49.2917,76.55,92,93,7.23,MG,1708727911
263,lielvarde,56.7207,24.8074,39.42,99,100,2.55,LV,1708727912
264,mahina,-17.5065,-149.489,89.37,70,0,8.05,PF,1708727778
265,st. john's,47.5649,-52.7093,33.15,95,75,5.75,CA,1708727805
266,kievka,50.2619,71.5514,-21.86,100,34,4.18,KZ,1708727912
267,the pas,53.8251,-101.2541,15.82,62,0,21.85,CA,1708727913
268,kapa'a,22.0752,-159.319,78.78,67,100,10.36,US,1708727913
269,aibak,36.2647,68.0155,37.42,73,100,1.72,AF,1708727913
270,yeppoon,-23.1333,150.7333,80.38,65,91,6.15,AU,1708727914
271,labrador city,52.9463,-66.9114,26.51,86,100,17.27,CA,1708727914
272,inhambane,-23.865,35.3833,76.23,79,0,6.35,MZ,1708727914
273,pacific grove,36.6177,-121.9166,69.37,56,0,4.61,US,1708727914
274,vilyuchinsk,52.9306,158.4028,2.93,81,27,6.55,RU,1708727915
275,duyun,26.2667,107.5167,27.91,89,100,4.94,CN,1708727915
276,north bend,43.4065,-124.2243,67.24,72,0,12.66,US,1708727800
277,atasu,48.6814,71.6433,-14.58,100,98,3.24,KZ,1708727915
278,santa terezinha,-29.9002,-50.0904,77.09,85,35,4.07,BR,1708727915
279,vyritsa,59.4078,30.3481,36.91,98,100,10.29,RU,1708727916
280,sao gotardo,-19.3111,-46.0489,71.62,94,100,3.13,BR,1708727916
281,kidal,18.4411,1.4078,72.5,10,0,2.28,ML,1708727916
282,kusadasi,37.8556,27.2566,60.76,87,7,4.18,TR,1708727917
283,new norfolk,-42.7826,147.0587,63.72,48,11,3.51,AU,1708727917
284,mana,5.6592,-53.7767,79.77,78,56,13.56,GF,1708727917
285,taixing,32.1667,120.0136,29.77,98,100,6.08,CN,1708727918
286,mae hong son,19.3003,97.9685,55.54,94,20,1.14,TH,1708727918
287,tazovsky,67.4667,78.7,-10.41,99,70,10.29,RU,1708727918
288,barah,13.7,30.3667,80.94,20,36,19.19,SD,1708727919
289,magadan,59.5667,150.8,-7.24,78,91,5.93,RU,1708727919
290,murzuq,25.9155,13.9184,58.06,33,0,9.51,LY,1708727920
291,ekibastuz,51.6667,75.3667,-5.67,97,96,8.59,KZ,1708727920
292,isangel,-19.55,169.2667,84.31,74,75,6.91,VU,1708727868
293,cidreira,-30.1811,-50.2056,77.4,82,21,5.97,BR,1708727921
294,geraldton,-28.7667,114.6,77.41,78,100,9.22,AU,1708727721
295,wanxian,30.8039,108.3897,35.4,91,100,4.03,CN,1708727922
296,argostolion,38.1811,20.489,54.75,61,14,12.3,GR,1708727922
297,pombas,17.1503,-25.0201,73.18,78,87,18.41,CV,1708727922
298,nuuk,64.1835,-51.7216,20.01,49,20,26.46,GL,1708727760
299,nemuro,43.3236,145.575,17.87,54,29,6.38,JP,1708727923
300,trairi,-3.2778,-39.2689,79.41,82,100,4.32,BR,1708727923
301,gurupi,-11.7292,-49.0686,73.15,95,100,3.98,BR,1708727923
302,palu,-0.8917,119.8707,77.13,93,20,3.2,ID,1708727924
303,znamenskoye,57.1281,73.8282,-4.56,91,94,4.9,RU,1708727924
304,kayenta,36.7278,-110.2546,48.02,23,67,5.73,US,1708727925
305,shuangjiang,26.1547,109.7138,27.28,88,100,5.68,CN,1708727925
306,gadzhiyevo,69.2551,33.3362,33.66,86,100,20.11,RU,1708727925
307,galveston,29.3669,-94.9669,79.18,37,0,12.66,US,1708727926
308,luderitz,-26.6481,15.1594,60.12,90,0,9.26,NA,1708727926
309,anadyr,64.75,177.4833,-10.7,76,0,13.42,RU,1708727926
310,portland,45.5234,-122.6762,63.55,57,20,3.44,US,1708727781
311,yacuiba,-22.038,-63.6797,75.97,79,98,9.37,BO,1708727927
312,rawson,-43.3002,-65.1023,58.14,51,95,15.79,AR,1708727927
313,antofagasta,-23.65,-70.4,72.68,79,37,7.92,CL,1708727928
314,nicoya,10.1483,-85.452,86.31,50,3,7.65,CR,1708727928
315,tolanaro,-25.0319,46.9987,77.07,83,20,13.8,MG,1708727928
316,saint-pierre,-21.3393,55.4781,76.68,88,75,3.44,RE,1708727928
317,tazacorte,28.629,-17.9293,67.17,79,40,20.71,ES,1708727929
318,caburan,5.9181,125.6411,79.59,80,12,9.75,PH,1708727929
319,severo-yeniseyskiy,60.3725,93.0408,-9.42,99,100,5.01,RU,1708727930
320,piton saint-leu,-21.2196,55.3151,73.51,88,75,3.44,RE,1708727930
321,corinth,37.9407,22.9573,50.9,70,4,4.16,GR,1708727931
322,enewetak,11.3474,162.3373,78.62,78,100,20.89,MH,1708727931
323,kavieng,-2.5744,150.7967,82.13,79,100,1.12,PG,1708727931
324,gwadar,25.1216,62.3254,70.32,63,0,8.66,PK,1708727932
325,juneau,58.3019,-134.4197,37.4,90,75,3.44,US,1708727932
326,touros,-5.1989,-35.4608,81.09,80,0,11.72,BR,1708727932
327,jamestown,42.097,-79.2353,42.03,74,70,3.0,US,1708727933
328,maintirano,-18.0667,44.0167,79.65,88,99,6.82,MG,1708727933
329,koungou,-12.7336,45.2042,78.51,94,0,3.44,YT,1708727933
330,jayapura,-2.5333,140.7,76.39,83,100,2.13,ID,1708727934
331,cill airne,52.05,-9.5167,41.47,84,81,15.17,IE,1708727934
332,atafu village,-8.5421,-172.5159,84.47,73,12,10.58,TK,1708727934
333,port augusta,-32.5,137.7667,65.43,46,0,9.91,AU,1708727935
334,sungai penuh,-2.0833,101.3833,65.61,98,100,0.36,ID,1708727935
335,inda silase,14.1031,38.2829,63.61,21,42,6.76,ET,1708727936
336,sitka,57.0531,-135.33,37.29,87,100,3.44,US,1708727936
337,ha'il,27.5219,41.6907,66.22,37,75,6.91,SA,1708727937
338,ouesso,1.6136,16.0517,75.99,77,100,1.34,CG,1708727937
339,tankara,22.6667,70.7333,64.69,27,0,7.72,IN,1708727937
340,bel ombre,-4.6167,55.4167,78.64,94,75,5.75,SC,1708727938
341,el obeid,13.1842,30.2167,79.9,22,38,19.69,SD,1708727938
342,angaur state,6.906,134.13,81.43,75,30,15.03,PW,1708727938
343,koumra,8.9126,17.5539,83.7,20,84,13.11,TD,1708727938
344,port macquarie,-31.4333,152.9167,79.9,74,99,13.38,AU,1708727692
345,khash,28.2211,61.2158,46.44,29,0,4.81,IR,1708727939
346,xuanzhou,30.9525,118.7553,29.23,96,100,4.92,CN,1708727939
347,pakur,24.6333,87.85,66.33,22,40,2.06,IN,1708727939
348,ulsteinvik,62.3432,5.8487,43.3,84,100,18.01,NO,1708727939
349,at taraf,25.3628,49.725,63.14,40,0,3.36,SA,1708727940
350,lemvig,56.5486,8.3102,40.14,93,98,14.79,DK,1708727940
351,san luis,-33.295,-66.3356,70.77,41,3,15.77,AR,1708727940
352,almancil,37.0869,-8.0307,52.97,76,20,6.91,PT,1708727940
353,egilsstadir,65.2653,-14.3948,31.91,86,75,9.22,IS,1708727940
354,vernon,50.2581,-119.2691,53.76,44,12,2.3,CA,1708727854
355,tobruk,32.0836,23.9764,59.43,78,16,11.32,LY,1708727941
356,guatire,10.4762,-66.5427,72.16,92,74,2.44,VE,1708727941
357,kuanda,56.3161,116.0806,-10.57,97,100,0.43,RU,1708727942
358,san patricio,28.017,-97.5169,80.55,36,60,9.91,US,1708727942
359,rossosh',51.1209,38.5116,29.19,90,32,11.81,RU,1708727652
360,hood river,45.7054,-121.5215,59.11,66,0,3.0,US,1708727900
361,owando,-0.4819,15.8999,76.93,81,100,2.68,CG,1708727944
362,shiraz,29.6036,52.5388,54.84,35,0,6.91,IR,1708727944
363,san antonio de pale,-1.4014,5.6325,82.15,79,100,10.51,GQ,1708727944
364,san pedro pochutla,15.7333,-96.4667,85.71,55,0,7.96,MX,1708727944
365,hlucin,49.8979,18.192,51.98,90,100,16.17,CZ,1708727945
366,krusevac,43.58,21.3339,55.76,67,60,11.81,RS,1708727945
367,newman,37.3138,-121.0208,65.14,59,100,5.01,US,1708727945
368,hermanus,-34.4187,19.2345,58.8,81,1,9.4,ZA,1708727946
369,saldanha,-33.0117,17.9442,62.65,84,2,6.33,ZA,1708727946
370,khandud,36.9513,72.318,-7.92,87,28,1.66,AF,1708727947
371,qingyuan,23.7,113.0333,48.18,73,100,7.16,CN,1708727947
372,same,-4.0667,37.7333,68.38,86,100,5.53,TZ,1708727947
373,kasane,-17.8167,25.15,67.05,45,4,5.61,BW,1708727948
374,mokhsogollokh,61.4681,128.9203,-28.77,100,100,1.72,RU,1708727948
375,andrews farm,-34.6775,138.6637,64.49,59,0,11.01,AU,1708727948
376,mandera,3.9366,41.867,85.53,27,99,11.59,KE,1708727949
377,leava,-14.3,-178.1667,83.88,78,100,12.44,WF,1708727950
378,port arthur,38.8,121.2667,19.62,55,100,5.57,CN,1708727950
379,zalegoshch',52.9008,36.8869,33.3,91,73,15.08,RU,1708727950
380,caruaru,-8.2833,-35.9761,73.63,85,36,11.77,BR,1708727951
381,karabudakhkent,42.7087,47.5673,34.72,100,100,6.71,RU,1708727951
382,olyokminsk,60.3736,120.4264,-20.87,100,100,2.42,RU,1708727951
383,taoudenni,22.6783,-3.9836,69.31,14,0,3.53,ML,1708727952
384,modimolle,-24.7,28.4,71.85,61,84,4.0,ZA,1708727953
385,kutum,14.2,24.6667,68.92,21,100,20.24,SD,1708727953
386,guerrero negro,27.9769,-114.0611,75.92,33,44,10.51,MX,1708727738
387,hilo,19.7297,-155.09,80.28,72,40,11.5,US,1708727954
388,shimoda,34.6667,138.95,36.1,76,98,16.93,JP,1708727954
389,mitu,1.1983,-70.1733,85.44,51,93,2.04,CO,1708727955
390,kandry,54.5667,54.1167,-7.73,97,11,4.18,RU,1708727955
391,tsiombe,-25.3,45.4833,74.25,89,10,12.97,MG,1708727955
392,barmer,25.75,71.3833,59.67,16,7,7.47,IN,1708727955
393,mhamid,29.82,-5.72,65.86,17,1,6.13,MA,1708727956
394,mount gambier,-37.8333,140.7667,63.09,52,86,6.78,AU,1708727813
395,la passe,45.5549,-0.8967,39.43,72,89,15.21,FR,1708727956
396,siwa oasis,29.2041,25.5195,58.66,52,22,7.14,EG,1708727957
397,malpica,43.3228,-8.8105,47.34,90,100,19.64,ES,1708727957
398,nova vicosa,-17.8919,-39.3719,78.55,89,100,6.64,BR,1708727958
399,coquimbo,-29.9533,-71.3436,69.53,77,0,12.66,CL,1708727958
400,novyy urengoy,66.0833,76.6333,-8.9,100,63,10.54,RU,1708727958
401,camana,-16.6228,-72.7111,76.71,78,86,8.88,PE,1708727959
402,south hedland,-20.4089,118.5983,85.93,79,40,8.05,AU,1708727959
403,christchurch,-43.5333,172.6333,77.92,54,20,6.91,NZ,1708727959
404,urangan,-25.3,152.9,85.19,76,84,8.99,AU,1708727960
405,robbah,33.2797,6.9098,60.44,36,100,15.73,DZ,1708727960
406,beberibe,-4.1797,-38.1306,79.68,81,55,6.62,BR,1708727960
407,karasuk,53.7377,78.0403,-14.26,99,43,5.17,RU,1708727961
408,canitas de felipe pescador,23.6,-102.7167,77.72,11,88,1.16,MX,1708727961
409,arroio grande,-32.2375,-53.0869,77.65,72,81,5.21,BR,1708727962
410,kone,-21.0595,164.8658,89.65,53,100,3.53,NC,1708727962
411,tromso,69.6496,18.957,37.42,70,75,11.5,NO,1708727963
412,rabak,13.1809,32.74,86.74,36,66,16.89,SD,1708727963
413,khanty-mansiysk,61.0042,69.0019,14.11,73,75,11.18,RU,1708727963
414,yebaishou,41.3975,119.6408,17.65,35,100,2.01,CN,1708727963
415,palmas,-10.2128,-48.3603,82.27,74,75,3.44,BR,1708727779
416,jianshui,23.6363,102.8264,52.74,82,0,3.33,CN,1708727964
417,bogande,12.9714,-0.1436,79.3,13,2,8.14,BF,1708727965
418,lima duarte,-21.8425,-43.7931,70.36,97,100,3.33,BR,1708727965
419,codrington,-38.2667,141.9667,61.45,59,99,8.99,AU,1708727966
420,novoagansk,61.9449,76.6625,-3.35,98,100,7.87,RU,1708727966
421,okahao,-17.885,15.0667,80.96,30,79,10.87,NA,1708727966
422,prince rupert,54.3161,-130.3201,42.89,70,40,13.8,CA,1708727967
423,guilin,25.2819,110.2864,32.11,85,100,7.2,CN,1708727967
424,arawa,-6.2132,155.5367,81.52,87,95,1.54,PG,1708727968
425,valencia de alcantara,39.4115,-7.2444,43.41,83,96,11.83,ES,1708727968
426,cherepanovo,54.2222,83.381,-5.64,92,100,6.76,RU,1708727968
427,rio brilhante,-21.8019,-54.5464,77.99,77,92,4.97,BR,1708727969
428,port-vila,-17.7338,168.3219,83.8,84,75,10.36,VU,1708727734
429,nevel'sk,46.6733,141.8633,18.82,64,100,8.43,RU,1708727969
430,khuzdar,27.7384,66.6434,47.79,30,4,6.67,PK,1708727970
431,talara,-4.5772,-81.2719,86.76,62,0,19.57,PE,1708727970
432,lubao,14.9167,120.55,75.27,83,32,6.17,PH,1708727970
433,zakamensk,50.3741,103.2863,-11.92,97,97,1.74,RU,1708727970
434,sebdou,34.637,-1.3314,47.5,81,80,13.09,DZ,1708727971
435,castillos,-34.1667,-53.8333,71.55,90,75,7.96,UY,1708727971
436,narimanov,46.6927,47.8498,19.31,63,5,8.52,RU,1708727971
437,smithers,54.7804,-127.1743,44.92,39,75,14.97,CA,1708727972
438,katabu,-4.9333,122.5167,78.15,92,86,1.45,ID,1708727972
439,tadine,-21.55,167.8833,81.66,71,98,13.8,NC,1708727973
440,labuan,5.2767,115.2417,80.96,94,20,0.0,MY,1708727973
441,takoradi,4.8845,-1.7554,82.15,78,98,6.44,GH,1708727974
442,bodo,67.28,14.405,41.04,60,75,27.63,NO,1708727697
443,"laikit, laikit ii (dimembe)",1.4792,124.9735,70.65,94,20,2.3,ID,1708727974
444,khovd,48.0056,91.6419,-5.91,88,54,0.65,MN,1708727975
445,tual,-5.6667,132.75,83.79,75,40,13.0,ID,1708727975
446,nuevo imperial,-13.0754,-76.3172,76.08,85,54,7.56,PE,1708727976
447,ridder,50.355,83.5133,12.99,81,100,3.0,KZ,1708727976
448,flying fish cove,-10.4217,105.6791,76.68,94,73,3.44,CX,1708727976
449,noshiro,40.2039,140.0242,31.17,61,99,10.76,JP,1708727960
450,caleta de carquin,-11.0925,-77.6267,77.63,81,59,12.37,PE,1708727977
451,glace bay,46.1969,-59.957,32.79,93,100,12.66,CA,1708727977
452,mahajanga,-15.7167,46.3167,78.82,94,40,4.61,MG,1708727978
453,thurso,58.5927,-3.5259,38.86,81,69,9.93,GB,1708727978
454,mirny,62.5353,113.9611,-19.7,100,100,3.27,RU,1708727978
455,kamiiso,41.8167,140.65,23.38,68,40,3.44,JP,1708727978
456,bayburt,40.2589,40.2278,25.43,82,100,2.91,TR,1708727979
457,soroti,1.7146,33.6111,73.53,43,77,6.87,UG,1708727979
458,pryamitsyno,51.6561,35.9314,35.55,74,45,13.94,RU,1708727979
459,la trinite,14.7376,-60.9629,80.65,74,0,6.91,MQ,1708727979
460,mahenge,-8.6833,36.7167,64.8,97,100,1.16,TZ,1708727979
461,ar ruseris,11.8659,34.3869,90.5,36,63,8.23,SD,1708727980
462,nushki,29.5542,66.0215,47.07,30,6,2.77,PK,1708727980
463,mukalla,14.5425,49.1242,73.83,74,70,3.6,YE,1708727980
464,la'ie,21.6477,-157.9253,80.06,66,56,8.99,US,1708727981
465,freetown,8.484,-13.2299,80.31,78,6,10.36,SL,1708727859
466,aoulef,26.9667,1.0833,63.3,21,4,1.28,DZ,1708727982
467,clarkston heights-vineland,46.3874,-117.083,59.45,58,0,0.0,US,1708727982
468,dodge city,37.7528,-100.0171,61.05,27,20,20.71,US,1708727982
469,axim,4.8699,-2.2405,81.34,83,100,6.73,GH,1708727983
470,kuala belait,4.5833,114.1833,78.96,91,25,6.8,BN,1708727983
471,petra-dubrava,53.2961,50.3655,-4.27,99,26,1.59,RU,1708727984
472,basudebpur,21.1353,86.7386,70.41,70,0,6.38,IN,1708727984
473,alghero,40.5589,8.3181,50.09,71,20,10.36,IT,1708727752
474,vilhena,-12.7406,-60.1458,79.02,83,20,6.91,BR,1708727984
475,linares,-35.85,-71.6,79.7,22,0,5.57,CL,1708727985
476,brokopondo,4.75,-55.1667,84.49,65,77,13.76,SR,1708727985
477,cedeira,43.6797,-8.0209,46.98,76,97,25.93,ES,1708727985
478,vila franca do campo,37.7167,-25.4333,54.01,79,90,1.63,PT,1708727985
479,nadym,65.5333,72.5167,2.37,97,84,10.69,RU,1708727986
480,armacao de buzios,-22.7469,-41.8817,84.25,86,99,14.43,BR,1708727986
481,chulakkurgan,43.765,69.1814,19.62,64,100,5.55,KZ,1708727986
482,treinta y tres,-33.2333,-54.3833,76.32,72,91,10.85,UY,1708727987
483,cooper's town,26.8667,-77.5167,72.18,70,34,22.48,BS,1708727987
484,lorena,-22.7308,-45.1247,80.73,65,40,4.61,BR,1708727987
485,sinan,34.8262,126.1086,37.51,71,100,19.17,KR,1708727988
486,aykhal,66.0,111.5,-7.73,53,100,2.28,RU,1708727988
487,papao,-17.75,-149.55,89.28,71,93,3.71,PF,1708727988
488,sena madureira,-9.0656,-68.6569,74.08,99,86,2.42,BR,1708727989
489,yuzhno-kurilsk,44.0306,145.8556,13.37,70,11,7.54,RU,1708727989
490,hassi messaoud,31.6804,6.0729,62.46,29,40,4.61,DZ,1708727989
491,hun,29.1268,15.9477,57.65,43,0,6.51,LY,1708727990
492,reftinskiy,57.0901,61.6769,7.57,86,90,10.11,RU,1708727990
493,makueni boma,-1.8041,37.6203,63.12,84,77,1.59,KE,1708727991
494,winnipeg,49.8844,-97.147,17.67,43,20,1.99,CA,1708727856
495,kijang,35.2442,129.2139,37.13,61,100,20.04,KR,1708727991
496,bisert',56.8617,59.0523,-9.33,100,88,4.54,RU,1708727991
497,saudarkrokur,65.7461,-19.6394,29.82,95,96,11.1,IS,1708727992
498,praia,14.9215,-23.5087,75.74,60,97,18.41,CV,1708727992
499,prabumulih,-3.45,104.25,74.07,98,97,2.62,ID,1708727992
500,canton,23.1167,113.25,52.88,62,100,7.81,CN,1708727993
501,carauari,-4.8828,-66.8958,83.34,70,100,2.75,BR,1708727993
502,villamontes,-21.25,-63.5,87.64,51,95,3.94,BO,1708727993
503,shinjo,38.7586,140.3008,31.08,78,80,6.58,JP,1708727994
504,crane,31.3974,-102.3501,68.36,23,98,4.5,US,1708727994
505,belyy yar,53.6039,91.3903,-22.11,83,95,0.0,RU,1708727994
506,kudahuvadhoo,2.6708,72.8944,81.7,79,48,9.19,MV,1708727994
507,igarka,67.4667,86.5833,-6.9,97,98,11.12,RU,1708727995
508,okny,47.5404,29.46,44.44,89,87,15.19,UA,1708727995
509,visakhapatnam,17.69,83.2093,75.49,85,10,4.0,IN,1708727995
510,beira,-19.8436,34.8389,82.49,100,20,12.66,MZ,1708727996
511,kertih,4.5141,103.4483,75.22,94,43,0.0,MY,1708727996
512,tateyama,34.9833,139.8667,42.1,68,100,17.54,JP,1708727997
513,urussu,54.5981,53.4631,-6.81,99,12,4.97,RU,1708727997
514,dalandzadgad,43.5708,104.425,9.19,68,71,1.48,MN,1708727998
515,mansa,29.9833,75.3833,47.32,30,0,3.33,IN,1708727998
516,haiku-pauwela,20.9219,-156.3051,78.82,69,40,19.57,US,1708727998
517,anaconda,46.1285,-112.9423,43.79,63,14,7.96,US,1708727665
518,milford haven,51.7128,-5.0341,43.63,77,17,15.43,GB,1708727999
519,lintong,34.378,109.2089,23.68,97,100,3.27,CN,1708727999
520,vineuil,47.5833,1.3833,40.96,97,100,10.45,FR,1708727999
521,williston,48.147,-103.618,49.03,48,14,3.0,US,1708727395
522,san ignacio,17.1561,-89.0714,89.74,45,0,6.91,BZ,1708728000
523,sisimiut,66.9395,-53.6735,6.93,64,100,20.18,GL,1708728000
524,yaren,-0.5472,166.916,83.52,77,98,10.94,NR,1708728000
525,acarau,-2.8856,-40.12,80.33,79,98,6.29,BR,1708728001
526,malvan,16.0667,73.4667,71.58,70,14,8.93,IN,1708728001
527,aswan,24.0934,32.907,76.3,27,0,10.36,EG,1708728002
528,verkhnevilyuysk,63.4453,120.3167,-29.65,100,100,1.45,RU,1708728003
529,hola,51.5377,23.1902,42.98,91,100,7.87,PL,1708728004
530,wanning,18.8003,110.3967,74.25,79,85,6.67,CN,1708728004
531,xining,36.6167,101.7667,14.22,93,96,2.53,CN,1708728006
532,maroua,10.591,14.3159,78.58,35,92,5.08,CM,1708728006
533,onguday,50.75,86.15,-5.6,95,100,3.62,RU,1708728007
534,korla,41.7597,86.1469,24.57,56,58,0.36,CN,1708727958
535,palekh,56.8028,41.8572,27.21,93,95,10.6,RU,1708728009
536,rio grande,-32.035,-52.0986,80.71,86,1,10.27,BR,1708727960
537,east london,-33.0153,27.9116,74.34,91,80,13.04,ZA,1708728009
538,bridgewater,44.3835,-64.5155,39.67,95,100,12.66,CA,1708728010
539,camabatela,-8.1881,15.375,65.25,97,100,0.2,AO,1708728010
540,quesnel,52.9999,-122.5029,36.1,80,100,11.5,CA,1708728010
541,kolokani,13.5728,-8.0339,69.71,10,1,9.78,ML,1708728011
542,jaru,-10.4389,-62.4664,73.87,97,100,5.03,BR,1708727992
543,qulsary,46.9531,54.0198,14.14,72,91,9.28,KZ,1708728012
544,bay roberts,47.5999,-53.2648,33.51,92,98,3.65,CA,1708728013
545,maxixe,-23.8597,35.3472,75.09,82,0,5.57,MZ,1708728013
546,port hueneme,34.1478,-119.1951,78.98,40,0,13.8,US,1708728014
547,port-cartier,50.0334,-66.8654,28.74,98,100,5.95,CA,1708728014
548,quellon,-43.1167,-73.6167,55.17,68,100,8.63,CL,1708728014
549,kotlas,61.2611,46.6556,20.05,90,100,8.99,RU,1708728015
550,dunedin,-45.8742,170.5036,64.8,73,90,3.0,NZ,1708728015
551,verkhneyarkeyevo,55.4505,54.3145,-5.85,96,5,5.41,RU,1708728015
552,mata-utu,-13.2816,-176.1745,84.16,75,49,10.85,WF,1708727765
553,macia,-25.0269,33.0989,70.9,93,47,4.03,MZ,1708728016
554,revda,56.801,59.9303,1.83,95,54,8.16,RU,1708728016
555,itzehoe,53.921,9.5153,41.23,91,17,7.7,DE,1708728017
556,bratsk,56.1325,101.6142,-10.66,97,87,3.44,RU,1708728017
557,saint-philippe,-21.3585,55.7679,76.59,82,62,12.19,RE,1708728018
558,puerto leguizamo,-0.1934,-74.7819,83.71,59,58,2.44,CO,1708728018
559,suwayr,30.1171,40.3893,63.54,50,100,4.52,SA,1708728019
560,pinheiro machado,-31.5783,-53.3811,79.05,72,23,7.92,BR,1708728019
561,tinogasta,-28.0632,-67.5649,66.85,69,99,5.17,AR,1708728020
562,makurazaki,31.2667,130.3167,48.94,85,100,8.32,JP,1708728020
563,kuta,-8.7233,115.1723,80.55,100,40,5.99,ID,1708728020
564,at taj,24.2049,23.2857,58.71,38,52,6.06,LY,1708728021
565,hlybokaye,55.1382,27.6879,40.8,95,100,12.5,BY,1708728021
566,kirakira,-10.4544,161.9205,83.07,81,97,4.97,SB,1708728022
567,sokoni,-6.4333,39.55,83.43,76,93,11.56,TZ,1708728022
568,arkhangel'sk,64.5401,40.5433,30.31,92,100,8.95,RU,1708728022
569,olinda,-8.0089,-34.8553,83.93,79,40,12.66,BR,1708728023
570,zhoukou,33.6333,114.6333,25.03,96,100,4.63,CN,1708728025
571,turinskaya sloboda,57.6232,64.3858,10.31,89,97,9.13,RU,1708728026
572,carutapera,-1.195,-46.02,76.89,93,83,6.4,BR,1708728027
573,sarai,53.7458,41.0213,23.05,93,96,12.75,RU,1708728027
574,arar,30.9753,41.0381,60.82,48,40,4.61,SA,1708728028
575,camayenne,9.535,-13.6878,80.38,71,37,8.9,GN,1708728028
576,shchuchyn,53.6014,24.7465,43.92,95,100,8.7,BY,1708728029
577,berezovyy,51.6667,135.7,-6.68,85,6,2.82,RU,1708728029
578,thunder bay,48.4001,-89.3168,17.58,27,0,5.75,CA,1708728011
579,belmonte,-15.8631,-38.8828,78.58,89,57,7.74,BR,1708728030
